"id","title","type"
661814083933,"151","smart"
661816934749,"ACCTIM","smart"
651461624157,"ACTIVITY BOOKS","smart"
661817262429,"ADASTRA","smart"
655696789853,"ADHESIVE / GLUE","smart"
661820801373,"ADORN","smart"
655143338333,"AIR FRESHNERS DIFFUSER & DEHUMIDIFIERS","smart"
661816967517,"AIRPURE","smart"
661817000285,"ALLIGATOR","smart"
661819031901,"AMTECH","smart"
661817950557,"ANKER","smart"
661817131357,"APOLLO","smart"
651462181213,"ART & CRAFT","smart"
661821358429,"ARTBOX","smart"
661820244317,"ASHLEY","smart"
661817196893,"ASTONISH","smart"
661817295197,"AV:LINK","smart"
661817327965,"AVSL","smart"
655721890141,"BABY CARE","smart"
661817426269,"BALTUS","smart"
655692235101,"BATHROOM ACCESSORIES AND DECOR","smart"
655729230173,"BATHROOM ESSENTIAL","smart"
655692300637,"BATHROOM STORAGE SOLUTION","smart"
655143108957,"BATTERIES","smart"
661819720029,"BAYONET","smart"
655721824605,"BEAUTY CARE","smart"
661817491805,"BENROSS","smart"
661818343773,"BIC","smart"
661819162973,"BILABAO","smart"
661816869213,"BIN BRITE","smart"
661820342621,"BLACKSPUR","smart"
661819228509,"BLING","smart"
661817459037,"BOLSIUS","smart"
661817524573,"BOSTIK","smart"
661817229661,"BREEZE","smart"
661817557341,"BRITA","smart"
661818311005,"BRYANT MAY","smart"
661817655645,"BULL BRAND","smart"
651462279517,"CALENDER","smart"
661820899677,"CALIFORNIA SCENTS","smart"
655726641501,"CANDLES & INCENSE STICK","smart"
661815165277,"CAR PRIDE","smart"
661817688413,"CAROLINE","smart"
661817721181,"CASTLEVIEW","smart"
651802476893,"CATERING","smart"
661819687261,"CHALLENGE","smart"
651509924189,"CHARACTER TOYS","smart"
661815951709,"CHATSWORTH","smart"
661817819485,"CHEF AID","smart"
661815886173,"CHILTERN WOVE","smart"
655728050525,"CHRISTMAS","smart"
655729295709,"CLEANING AND LAUNDRY PRODUCTS","smart"
655144223069,"CLEANING PRODUCTS","smart"
661818409309,"CLIPPER","smart"
655727427933,"CLOCK","smart"
661818802525,"COLGATE","smart"
661815918941,"COMPUCLEAN","smart"
651462377821,"COMPUTER ACCESORIES","smart"
655693611357,"CONFECTIONERY","smart"
655727853917,"COOKWARE","smart"
661815853405,"COTTON TREE","smart"
651939447133,"COUNTY","smart"
661821129053,"CR8","smart"
655727624541,"CUTLERY SETS","smart"
661819457885,"DAEWOO","smart"
661820211549,"DE-SOLV-IT","smart"
655721234781,"DECORATIVE","smart"
651462508893,"DIARY","smart"
661818966365,"DID","smart"
661818048861,"DISCONTINUED","smart"
661816901981,"DR BECKMANN","smart"
661820539229,"DRY CLEANERS","smart"
661817065821,"DURACELL","smart"
661818442077,"DUREX","smart"
661815984477,"DUZZIT","smart"
661820473693,"DYLON","smart"
661819064669,"E-CLOTH","smart"
655728083293,"EASTER","smart"
661819097437,"ECO 360","smart"
661819130205,"ECO BAG","smart"
661819195741,"ECOZONE","smart"
661816017245,"ELBOW GREASE","smart"
655721136477,"ELECTRICAL","smart"
661819425117,"ELGATE","smart"
661817852253,"ELLIOTTS","smart"
661816050013,"ELYSIUM","smart"
661816115549,"ENRICO SHONALLI","smart"
661816082781,"ESCENTI","smart"
661819523421,"EUROSONIC","smart"
661819588957,"EUROWRAP","smart"
661817590109,"EVO-STIK","smart"
661816213853,"FABRIC MAGIC","smart"
658070896989,"Fans","smart"
661816246621,"FANTASTIC FLEXIBLE","smart"
661819654493,"FAST PAK","smart"
661819490653,"FINE ELEMENTS","smart"
655727559005,"FOOD PREPARATION & TOOLS","smart"
655727690077,"FOOD STORAGE","smart"
661819982173,"FOREVER BEAUTIFUL","smart"
661819785565,"FRANK SHAW","smart"
661820932445,"FRSH SCENTS","smart"
651509989725,"GAMES","smart"
651802706269,"GIFT BOXES","smart"
661817983325,"GIFT MAKER","smart"
651802739037,"GIFT WRAPS","smart"
661818081629,"GIFTMAKER","smart"
651802804573,"GIFTS","smart"
651802181981,"GIFTS / PARTY","smart"
655727788381,"GLASSWARE","smart"
661816181085,"GLOBE MILL","smart"
661820113245,"GORILLA","smart"
661820277085,"GREEN BLADE","smart"
661820735837,"GRUNWERG","smart"
661818474845,"GSD","smart"
661820146013,"HAGERTY","smart"
655728116061,"HALLOWEEN","smart"
655729361245,"HARDWARE","smart"
655729394013,"HEALTH BEAUTY CARE PRODUCTS","smart"
655721759069,"HEALTH CARE","smart"
661818868061,"HEM","smart"
661820440925,"HENBRANDT","smart"
661820506461,"HERALD","smart"
661818114397,"HOME COLLECTION","smart"
655727231325,"HOME DECOR","smart"
655729426781,"HOME ESSENTIAL","smart"
655721595229,"HOME PHONE AND MOBILE ACCESORIES","smart"
655727395165,"HOME STORAGE SOLUTIONS","smart"
661816148317,"HOMEMAID","smart"
661820604765,"HOZELOCK","smart"
661820637533,"HTI","smart"
661820670301,"HUGGABLES","smart"
661821096285,"INTEX","smart"
661820997981,"JB WELD","smart"
661820768605,"JES","smart"
651510088029,"JIGSAW PUZZLES","smart"
661820866909,"JLS","smart"
651510186333,"JOKE PRANK GAG TOYS","smart"
661816279389,"JUMP","smart"
661816377693,"JUST STATIONERY","smart"
661821063517,"JVL","smart"
651940004189,"KANDY TOYS","smart"
661819261277,"KENWOOD","smart"
661818147165,"KIDS CREATE","smart"
651510219101,"KIDS ENTERTAINMENT","smart"
661818212701,"KIDS PLAY","smart"
661820309853,"KINGAVON","smart"
661820014941,"KINGDOM","smart"
655727919453,"KITCHEN APPLIANCES","smart"
655729525085,"KITCHEN ESSENTIAL","smart"
655693447517,"LAUNDRY PRODUCTS","smart"
651940823389,"LESSER AND PAVEY","smart"
655728148829,"LIGHTERS AND MATCH BOXES","smart"
661816312157,"LOVE YOUR WOOD","smart"
661816344925,"MASTERPLAST","smart"
661820047709,"MELITTA","smart"
661817360733,"MERCURY","smart"
661818179933,"MINIONS","smart"
655721857373,"MOBILITY PRODUCTS","smart"
661816410461,"MUNCH & CRUNCH","smart"
651940266333,"MY","smart"
661818540381,"MYCO","smart"
661817033053,"NATURALLY GONE","smart"
655727952221,"NEW ARRIVALS","smart"
655729557853,"NEW ARRIVALS","smart"
661818507613,"NEWPORT","smart"
661816443229,"NUAGE","smart"
661820178781,"O'KEEFFE'S","smart"
651462574429,"OFFICE NECCESITIES","smart"
661819294045,"OMEGA","smart"
661818900829,"ON BALANCE","smart"
655726543197,"OUTDOOR AND GARDEN","smart"
661816574301,"OVEN BRITE","smart"
655727329629,"PACKING MATERIALS","smart"
655721169245,"PAINT AND DECORATING","smart"
661816475997,"PAN AROMA","smart"
661817098589,"PANASONIC","smart"
651802968413,"PARTY SUPPLIES","smart"
651510317405,"PARTY TOYS","smart"
661817393501,"PARTYPOD","smart"
661818245469,"PEPPA PIG","smart"
655726477661,"PEST CONTROLS","smart"
661816508765,"PEST SHEILD","smart"
661816541533,"PEST SHIELD","smart"
655727493469,"PET CARE","smart"
661816607069,"PETS PLAY","smart"
661818835293,"PHILIPS","smart"
661819556189,"PIFCO","smart"
655721431389,"PLUMBING","smart"
655693513053,"POLISHING PRODUCTS","smart"
651462639965,"POST OFFICE SUPPLY NECCESITIES","smart"
661821227357,"PPS","smart"
651510448477,"PRETEND PLAY","smart"
661821260125,"PRIMA","smart"
661818573149,"PRITT","smart"
661820375389,"PRO USER","smart"
651940495709,"PUKKA PAD","smart"
661816639837,"QUEEN OF CAKES","smart"
651941052765,"RAPESCO","smart"
661818605917,"RAW","smart"
661820408157,"REDWOOD LEISURE","smart"
661821292893,"RENATA","smart"
661818638685,"RIZLA","smart"
661817622877,"RONSON","smart"
661817753949,"ROYAL MARKET","smart"
661817786717,"ROYAL MARKETS","smart"
661819326813,"RUSSEL","smart"
661818278237,"RYSONS","smart"
661818933597,"SATYA","smart"
651462705501,"SCHOOL NECCESITIES","smart"
661816672605,"SEALAPACK","smart"
655729590621,"SEASONAL","smart"
655721365853,"SECURITY","smart"
661816705373,"SEWING BOX","smart"
655727198557,"SEWING PRODUCTS","smart"
655726707037,"SHOE CARE","smart"
661818376541,"SIL","smart"
661820965213,"SIMPLY","smart"
655726575965,"SMALL APPLIANCE","smart"
655729623389,"SMOKING ACC. & BATTERIES","smart"
655728214365,"SMOKING ACCESSORIES","smart"
661819752797,"SOLSTUDS","smart"
661819359581,"SONIC DIGITAL","smart"
661817885021,"SORBO","smart"
651803066717,"SOUVENIR","smart"
651510481245,"SPORTS","smart"
655721529693,"STARPACK","smart"
651462803805,"STATIONERY","smart"
651461951837,"STATIONERY / ART & CRAFT","smart"
661821325661,"STATUS","smart"
661816738141,"STOP THAT LEAK","smart"
661821030749,"SVITOL","smart"
661818671453,"SWAN","smart"
661821161821,"SWIFT","smart"
661816770909,"SWIRL","smart"
661817917789,"TALA","smart"
651940430173,"TALLON","smart"
661821194589,"TALLON CHALK","smart"
655721202013,"TAPES","smart"
661819392349,"TEA TREE","smart"
661816803677,"TECHNO","smart"
661819818333,"THE ORIGINAL","smart"
661817164125,"TIDYZ","smart"
650556113245,"Tiger","smart"
661818704221,"TIPPEX","smart"
655692267869,"TOILET ACCESSORIES","smart"
655696757085,"TOOLS AND WORK WEAR","smart"
651510579549,"TOY VEHICLES","smart"
651509793117,"Toys","smart"
651510612317,"TOYS OUTDOOR / SUMMER TOYS","smart"
661819621725,"TRADESMAN TRADE","smart"
661821391197,"TRAFALGAR","smart"
655727460701,"TRAVEL ESSENTIAL","smart"
661820703069,"TUFFGRIP","smart"
661818736989,"UHU","smart"
661820571997,"UNIFIT","smart"
651940561245,"UNIQUE","smart"
661816836445,"URBAN KICKS","smart"
655721300317,"VEHICLE CARE","smart"
661819883869,"VILENE","smart"
661819916637,"VILESELINE","smart"
661818999133,"VRIYA","smart"
661820834141,"WINDSOR PASTRY","smart"
655726313821,"WINTER ESSENTIAL","smart"
661819949405,"WUNDAWEB","smart"
661819851101,"X HOOKS","smart"
661820080477,"ZEP","smart"
661818769757,"ZIPPO","smart"
661818016093,"ZYLISS","smart"